first_name	last_name	email	company
Alice	Smith	alice.smith0@example.com	Acme Corp
Bob	Jones	bob.jones1@example.com	Widgets Inc
Carol	Davis	carol.davis2@example.com	Tech Co
Dan	Miller	dan.miller3@example.com	DataFlow
Eve	Wilson	eve.wilson4@example.com	NetOps
Frank	Moore	frank.moore5@example.com	CloudBase
Grace	Taylor	grace.taylor6@example.com	SyncWare
Hank	Brown	hank.brown7@example.com	DevHub
Iris	Clark	iris.clark8@example.com	LogiCore
Jack	Hall	jack.hall9@example.com	AppVault
Kate	Adams	kate.adams10@example.com	Acme Corp
Leo	Baker	leo.baker11@example.com	Widgets Inc
Mia	Carter	mia.carter12@example.com	Tech Co
Nick	Dixon	nick.dixon13@example.com	DataFlow
Olive	Evans	olive.evans14@example.com	NetOps
Paul	Foster	paul.foster15@example.com	CloudBase
Quinn	Grant	quinn.grant16@example.com	SyncWare
Rose	Harris	rose.harris17@example.com	DevHub
Sam	Irving	sam.irving18@example.com	LogiCore
Tina	Jensen	tina.jensen19@example.com	AppVault
Uma	Smith	uma.smith20@example.com	Acme Corp
Vic	Jones	vic.jones21@example.com	Widgets Inc
Wendy	Davis	wendy.davis22@example.com	Tech Co
Xander	Miller	xander.miller23@example.com	DataFlow
Yara	Wilson	yara.wilson24@example.com	NetOps
Zane	Moore	zane.moore25@example.com	CloudBase
Alice	Taylor	alice.taylor26@example.com	SyncWare
Bob	Brown	bob.brown27@example.com	DevHub
Carol	Clark	carol.clark28@example.com	LogiCore
Dan	Hall	dan.hall29@example.com	AppVault
Eve	Adams	eve.adams30@example.com	Acme Corp
Frank	Baker	frank.baker31@example.com	Widgets Inc
Grace	Carter	grace.carter32@example.com	Tech Co
Hank	Dixon	hank.dixon33@example.com	DataFlow
Iris	Evans	iris.evans34@example.com	NetOps
Jack	Foster	jack.foster35@example.com	CloudBase
Kate	Grant	kate.grant36@example.com	SyncWare
Leo	Harris	leo.harris37@example.com	DevHub
Mia	Irving	mia.irving38@example.com	LogiCore
Nick	Jensen	nick.jensen39@example.com	AppVault
Olive	Smith	olive.smith40@example.com	Acme Corp
Paul	Jones	paul.jones41@example.com	Widgets Inc
Quinn	Davis	quinn.davis42@example.com	Tech Co
Rose	Miller	rose.miller43@example.com	DataFlow
Sam	Wilson	sam.wilson44@example.com	NetOps
Tina	Moore	tina.moore45@example.com	CloudBase
Uma	Taylor	uma.taylor46@example.com	SyncWare
Vic	Brown	vic.brown47@example.com	DevHub
Wendy	Clark	wendy.clark48@example.com	LogiCore
Xander	Hall	xander.hall49@example.com	AppVault
